Brand,Date,Headline,Category,AI Summary,Source,URL
Voltas,2026-05,Voltas opens first COCO store in Lucknow,Retail Expansion,"Voltas opened its first company-owned company-operated (COCO) store in Lucknow, showcasing its full appliance range as part of a wider direct-retail push.",Khabar India,https://khabarindia.in/voltas-expands-its-retail-footprint-with-the-grand-opening-of-its-first-coco-store-in-lucknow/
Voltas,2026-06,Voltas opens first company-owned store in Panchkula,Retail Expansion,"Second COCO store opening, reinforcing Voltas' direct retail presence strategy in North India.",Indian Retailer,https://www.indianretailer.com/news/voltas-opens-first-company-owned-store-panchkula
Voltas,2026-Q1 FY27,Voltas embarks on retail expansion drive in Karnataka; crosses 1mn AC sales,Retail Expansion,"Voltas is expanding across tier 1-5 markets in Karnataka and nationally, targeting 20%+ growth for FY27 on strong summer AC demand.",MyVoltas / Indian Retailer,https://www.myvoltas.com/in-the-news/voltas-embarks-on-retail-expansion-drive-in-karnataka
Haier,2026-12 (FY26 guidance),"Haier targets Rs14,500cr topline, Rs3,500cr expansion",Expansion / Funding,"Haier India plans a Rs3,500cr capex investment over 3-4 years, including a new southern manufacturing plant, targeting 38% growth.",Business Standard,https://www.business-standard.com/companies/news/haier-targets-14-500-crore-topline-in-2026-plans-3-500-crore-expansion-125121201175_1.html
Haier,2026-07,Haier mega hiring drive at Pune (Ranjangaon) facility,Hiring,Haier Appliances India is running NAPS/NATS apprenticeship walk-in hiring from 11 Jul-31 Aug 2026 for 10th/12th/ITI/Diploma candidates.,ITI Jobs India,https://www.itijobsindia.in/2026/07/haier-appliances-india-recruitment-2026.html
Liebherr,2026-04,Liebherr expands FreshBreeze refrigeration range in India,Product Launch,"Liebherr Appliances India expanded its FreshBreeze range, reinforcing its premium refrigeration commitment to Indian households.",The CEO / Business Standard,https://www.theceo.in/press-release/liebherr-appliances-india-strengthens-its-commitment-to-india-with-the-expansion-of-its-freshbreeze-range
Liebherr,2026-07,Liebherr Annual Partner Meet 2026 - premium refrigeration confidence,Partnership,"Liebherr convened its distributor/partner network, introduced new 380L/400L refrigerator volumes, reaffirming India as a strategic premium market.",The Print (ANI),https://theprint.in/ani-press-releases/liebherr-appliances-india-reaffirms-confidence-in-indias-premium-refrigeration-market-at-annual-partner-meet-2026/2981093/
Sony,2026-FY26 outlook,Sony India targets double-digit growth via premium focus,Product Launch,"Sony India (FY25 revenue Rs7,917cr) is pushing premium home theatre (>Rs70k) and PlayStation gaming ecosystem ahead of festive season.",Whalesbook / Storyboard18,https://www.whalesbook.com/news/English/consumer-products/Sony-India-Targets-Double-Digit-Growth-Via-Premium-Focus/6a3bbf8aa1c5bf08432aa6f5
Panasonic,2026-06,Panasonic India headcount shrinks 2.5% in 2026,Hiring (Contraction),"Panasonic India workforce declined to 5,905 employees (down from 6,343 in 2025); job postings down 200% YoY - signals contraction, not expansion.",Revelio Labs,https://www.reveliolabs.com/companies/panasonic-india/employees
Asus,2026-02,Asus opens exclusive store in Hyderabad,Retail Expansion,"New 350 sq.ft exclusive Asus store in Hyderabad carrying Vivobook, Zenbook, ROG and gaming desktops.",The Hans India,https://www.thehansindia.com/amp/business/asus-strengthens-pan-india-retail-strategy-with-the-launch-of-exclusive-store-in-hyderabad-1051836
Asus,2026-07,Asus opens exclusive store in Guntur; targets 25-30% PC market share,Retail Expansion,New 280 sq.ft exclusive store in Guntur; Asus present in 400+ districts and pushing aggressive retail expansion to become India's #1 PC brand.,Business Standard / Pratahkal,https://www.business-standard.com/industry/news/asus-bets-on-aggressive-retail-expansion-to-become-india-s-top-pc-brand-124092900275_1.html
HP,2026-05,HP unveils 20+ AI PC products/solutions in India,Product Launch,"HP launched OmniPad 12, EliteBoard G1a and new Z Workstation lineup; distribution via HP online store, Amazon, Reliance and ~1,000 HP World reseller touchpoints.",91mobiles / NCN Online,https://www.91mobiles.com/hub/hp-unveils-20-products-in-india-omnipad-eliteboard-omnibook/
Dell,2026,Dell appoints Anurag Arora as GM - Consumer Sales India,Leadership Change,28-year retail/channel veteran appointed to drive Dell's India consumer segment growth - signals renewed consumer/retail push.,Business Standard,https://www.business-standard.com/topic/dell-technologies
Dell,2026,Dell in talks with Karnataka govt on SEZ import rules,Expansion,Dell officials met Karnataka government seeking relief on SEZ import restrictions to support India expansion cost sustainability.,Business Standard,https://www.business-standard.com/topic/dell-technologies
boAt,2026,"boAt raises ~Rs2,000cr via IPO for expansion",Funding / IPO,"Rs900cr fresh issue earmarked for debt repayment, R&D, and strengthening digital + retail platforms; ~100 franchise stores live in India.",Storyboard18 / INDmoney,https://www.storyboard18.com/brand-makers/boat-plans-to-go-public-again-aims-to-raise-rs-2000-crore-via-ipo-in-fy26-report-57427.htm
boAt,2026,"boAt enters Singapore market, SEA expansion push",Store/International Expansion,"boAt partnered with Opptra for an ecommerce-led entry into Singapore, part of a wider Southeast Asia expansion strategy.",Indian Retailer,https://www.indianretailer.com/news/retail-india-news-boat-enters-singapore-market-online-strategy
Noise,2026-03,Noise to open ~15 COCO stores over 24 months,Retail Expansion,"Post-IPO, Noise (now Titan-owned) is rolling out ~15 company-owned stores in 24 months, with the first launched March 2026 focused on Maharashtra and high-footfall markets.",Indian Retailer,https://www.indianretailer.com/news/retail-india-news-noise-expands-internationally-enters-gcc-market-strategic-partnerships
Noise,2026,"Noise expands to UK, EU via Selfridges, Printemps after UAE launch",International Expansion,"Noise entered UAE, then UK/EU luxury retail (Selfridges London, Printemps Paris) for smartwatches, rings and audio.",Outlook Business,https://www.outlookbusiness.com/news/after-uae-noise-announces-expansion-to-uk-eu-amid-slowdown-in-indias-wearables-market
