Brand,Opportunity Type,Business Impact,Opportunity for Channelplay,Confidence Score (1-5),Priority Score (1-5),Recommended Service,Recommended Contact Department,Suggested Next Action,Linked News Ref
Voltas,Retail Expansion,"Multiple new COCO stores opening across North/South India, targeting 20%+ growth and tier 1-5 penetration.","New COCO stores need launch-ready visual merchandising, planogram compliance, and ongoing retail execution/audits from day one.",5,5,"Visual Merchandising, Retail Execution, Merchandising Audits",Retail Operations / Trade Marketing,Request intro call with Voltas retail ops team; pitch VM rollout kit for new COCO stores + recurring audit cadence.,"News-01,02,03"
Haier,Manufacturing Expansion / Hiring,"Rs3,500cr capex, new plant, 12,000 planned jobs, mega hiring drive live now.","Large-scale hiring signals demand for staffing/payroll outsourcing at new facility, plus VM support as retail push follows capacity growth.",4,4,"Promoter Staffing, Payroll, Field Force Automation",HR / Talent Acquisition,Reach out to Haier India HR leadership with a staffing + payroll outsourcing proposal timed to the Pune facility ramp-up.,"News-04,05"
Liebherr,Premium Retail / Partner Network,FreshBreeze range expansion and active distributor partner meets signal premium retail push.,Premium appliance brands need high-end in-store branding and mystery audits to protect premium positioning at partner outlets.,3,3,"Visual Merchandising, Mystery Audits, Brand Activation",Marketing / Trade Marketing,Propose a premium in-store experience audit pilot at top-tier partner showrooms.,"News-06,07"
Sony,Premium Product Push,Aggressive premium (>Rs70k) home theatre and gaming push ahead of festive season.,Premium demo-heavy categories benefit from trained promoters and in-store activation for festive conversion.,3,3,"Brand Activation, Promoter Staffing, Sales Promotion",Retail Marketing,Pitch festive-season promoter and activation program for Sony's premium AV/gaming counters.,News-08
Panasonic,Contraction / Monitor Only,"Headcount down 2.5%, near-zero active hiring - signals cost tightening, not expansion.",Low near-term opportunity; do not prioritize outreach now. Re-check quarterly for reversal signals.,2,1,None (monitor),N/A,Move to dormant in pipeline; re-research in Q4 2026 for signs of renewed investment.,News-09
Asus,Retail Expansion,"Aggressive exclusive-store rollout (Hyderabad, Guntur, Chennai), targeting India's #1 PC brand spot.","Fast multi-city store rollout needs consistent VM setup, promoter staffing at exclusive stores, and audit cadence to protect brand experience at scale.",5,5,"Visual Merchandising, Promoter Staffing, Retail Execution, Merchandising Audits",Retail/Channel Sales,Approach Asus India retail team with a scalable multi-city store rollout support package.,"News-10,11"
HP,Product Portfolio Expansion,"20+ new AI PC products launched; ~1,000 reseller touchpoints across India.",Reseller network of this scale needs periodic merchandising audits and POS/branding refresh tied to new product launches.,3,3,"Merchandising Audits, Retail Technology, Visual Merchandising",Channel Marketing,Propose a reseller-network audit + POS refresh program timed to the new AI PC launch cycle.,News-12
Dell,Leadership Change / Consumer Push,New consumer sales GM appointed with retail/channel background; SEZ expansion talks underway.,New leadership hires often re-evaluate vendor/agency partners in their first 90-180 days - a window worth targeting.,3,3,"Sales Promotion, Retail Execution, Field Force Automation",Consumer Sales Leadership,Send a congratulatory + capability outreach note to the new GM within first 90 days of appointment.,"News-13,14"
boAt,IPO-funded Retail Expansion,"Rs2,000cr IPO with funds earmarked for retail/digital platform strengthening; ~100 franchise stores live and growing.","IPO-funded retail scale-up is a strong signal for franchise store fit-out, VM standardization, and staffing across the network.",5,5,"Visual Merchandising, Retail Execution, Promoter Staffing",Retail Expansion / Franchise Team,Pitch a franchise-store standardization program (VM + staffing) ahead of continued IPO-funded rollout.,"News-15,16"
Noise,Post-Acquisition Retail Scale-up,~15 new COCO stores planned in 24 months; now backed by Titan's retail scale and expertise.,"Titan-backed capital + aggressive COCO rollout is a high-fit opportunity for VM, staffing and retail execution at new company-owned stores.",5,5,"Visual Merchandising, Retail Execution, Promoter Staffing, Brand Activation",Retail Operations,Engage Noise retail ops (leveraging Titan's known GT/retail relationships where possible) on COCO store rollout support.,"News-17,18"
